rho,d,potencia
0.3000,0.2000,0.4520
0.3000,0.2500,0.6320
0.3000,0.3000,0.7907
0.3000,0.3500,0.8963
0.3000,0.4000,0.9590
0.3000,0.4500,0.9853
0.3000,0.5000,0.9957
0.3500,0.2000,0.4703
0.3500,0.2500,0.6547
0.3500,0.3000,0.8117
0.3500,0.3500,0.9190
0.3500,0.4000,0.9610
0.3500,0.4500,0.9900
0.3500,0.5000,0.9977
0.4000,0.2000,0.5120
0.4000,0.2500,0.6987
0.4000,0.3000,0.8473
0.4000,0.3500,0.9343
0.4000,0.4000,0.9753
0.4000,0.4500,0.9953
0.4000,0.5000,0.9987
0.4500,0.2000,0.5420
0.4500,0.2500,0.7280
0.4500,0.3000,0.8707
0.4500,0.3500,0.9547
0.4500,0.4000,0.9877
0.4500,0.4500,0.9963
0.4500,0.5000,0.9997
0.5000,0.2000,0.5970
0.5000,0.2500,0.7810
0.5000,0.3000,0.9053
0.5000,0.3500,0.9727
0.5000,0.4000,0.9920
0.5000,0.4500,0.9987
0.5000,0.5000,1.0000
0.5500,0.2000,0.6150
0.5500,0.2500,0.8287
0.5500,0.3000,0.9380
0.5500,0.3500,0.9773
0.5500,0.4000,0.9937
0.5500,0.4500,0.9993
0.5500,0.5000,1.0000
0.6000,0.2000,0.6707
0.6000,0.2500,0.8507
0.6000,0.3000,0.9533
0.6000,0.3500,0.9913
0.6000,0.4000,0.9990
0.6000,0.4500,1.0000
0.6000,0.5000,1.0000
0.6500,0.2000,0.7323
0.6500,0.2500,0.8993
0.6500,0.3000,0.9770
0.6500,0.3500,0.9960
0.6500,0.4000,0.9993
0.6500,0.4500,1.0000
0.6500,0.5000,1.0000
0.7000,0.2000,0.7997
0.7000,0.2500,0.9323
0.7000,0.3000,0.9880
0.7000,0.3500,0.9973
0.7000,0.4000,0.9997
0.7000,0.4500,1.0000
0.7000,0.5000,1.0000
