subject_id,seccion,programa,programa_effect,secuencia,rendimiento_previo,periodo,condicion,forma_ttct,b_subject,fluidez,originalidad,elaboracion,abstraccion_titulos,resistencia_cierre,pssm_global,fluidez_baseline,originalidad_baseline,elaboracion_baseline,abstraccion_titulos_baseline,resistencia_cierre_baseline,pssm_global_baseline,permanece
1,S1,Diseno Publicitario,-0.06344979801263192,AB,0.6382947409282153,1,A,A,0.5093290299445064,-0.0905898354459388,-0.15185283721491694,2.0884789060389135,1.792392382609719,1.8233486712462355,-0.08335820649318915,1.2584247452897284,-0.35372684133039045,-0.23819867488894164,0.017705903361082187,1.4416773648804186,0.8931095463104075,1
1,S1,Diseno Publicitario,-0.06344979801263192,AB,0.6382947409282153,2,B,B,0.5093290299445064,1.0267559065142384,0.8409011614423121,0.5903708723630695,1.0960102078739706,0.3999171442127881,1.2737106989067062,0.597452144739297,1.716247280825443,-0.10466727672091147,0.2768307507218506,1.0050684136320707,1.6392467704309035,1
2,S2,Diseno Publicitario,-0.06344979801263192,BA,-0.29204748521936347,1,B,A,0.9831458127296532,0.6624085048620537,0.6671977708380424,0.6944371183883294,-0.7591170701484631,1.0206583199187076,0.07529914906372781,0.8704774905309289,1.796746376294911,0.7581916533329774,0.8320439119266305,1.595729830775925,1.1257144233554326,1
2,S2,Diseno Publicitario,-0.06344979801263192,BA,-0.29204748521936347,2,A,B,0.9831458127296532,0.1950404143384834,2.1466921657141524,0.9635331215552637,0.3836261106189479,0.3618538583600426,1.503489025773426,1.2313349565184655,0.21520780956030805,0.17422783121155516,1.0877068159654328,2.6234535409001234,1.766982013370773,1
3,S3,Diseno de Interiores,0.01924570268306199,BA,-0.31194932819017573,1,B,A,0.1501114000457394,-0.1251336646389919,-0.5226404391861782,0.2662546750207544,0.397316685028284,-1.9528717670824267,-0.967155570939183,0.562699555502389,-1.1987404050407138,1.1624011216504344,0.0746376923397146,0.14378191138192734,1.2994477295507545,1
3,S3,Diseno de Interiores,0.01924570268306199,BA,-0.31194932819017573,2,A,B,0.1501114000457394,0.6371286701596144,-0.4423384126766612,-0.12794468353162725,-0.6665119772286892,1.9318308682787366,-1.192844285607202,-1.0855855499574107,-1.0304458419749973,0.8241695130669904,0.8673008086484499,0.13256346647322917,1.6052521841133414,1
4,S4,Diseno de Interiores,0.01924570268306199,AB,0.30383536777881237,1,A,A,1.1480324915327824,2.0346537665794333,1.6865632572423412,1.4033825393696056,1.6895654103133517,2.0798245032996228,0.9055903374279178,1.953423753037662,1.317354173919176,-0.39376192345950245,2.8913248529584905,1.2451225782410584,0.9911278883399398,1
4,S4,Diseno de Interiores,0.01924570268306199,AB,0.30383536777881237,2,B,B,1.1480324915327824,1.1267126566620655,0.6377028895607297,1.9812680925461317,2.2005103377571094,1.7947580705134212,1.3173517690903571,2.3421030222054,0.22576273851378537,-0.3726129473959314,1.6615132172660125,2.162997615092727,0.27150092651381286,1
5,S5,Comunicacion Audiovisual,-0.15170610796792525,AB,-0.2676603022043396,1,A,A,-0.19946086488605816,-0.4216813508163105,-1.186522691555199,-0.4680423459345595,-0.4409346726260782,-0.9236847597295562,0.4627238751891972,-0.18583475129052604,-0.4528108170316135,-0.6623043340030428,0.07121186388969195,0.46851754658299627,-0.1548001961922486,1
5,S5,Comunicacion Audiovisual,-0.15170610796792525,AB,-0.2676603022043396,2,B,B,-0.19946086488605816,-0.39692642790088584,0.28220189232960063,-2.073408749289339,0.6140730244216921,-1.5924337043932937,0.10958949392862644,0.23011601681356372,0.15022454349928369,0.1510413289356636,-0.9061113756983497,-0.8300214806915865,0.7942731115653312,1
6,S6,Diseno de Modas,0.11166173680869554,BA,-0.2259088611632136,1,B,A,-0.7497659366145547,-0.7096727956513929,-0.4876614056516259,-1.2850817993598964,0.12417257346307797,-1.048061266999031,-0.6555602614535133,-1.275925685876973,-0.5204705974637016,-0.2693963710138565,-1.1420194445490774,-1.3315028850089787,0.40622623113406975,1
6,S6,Diseno de Modas,0.11166173680869554,BA,-0.2259088611632136,2,A,B,-0.7497659366145547,-1.234449916076347,-2.6520984608281735,0.12112232200419559,-0.47183046629381103,-0.36912911561500533,-2.2404441950370595,-0.2783493573928126,-0.27716977403820076,0.24574084493258064,-1.954035491705111,-0.48488585377346305,-0.6545141131487037,1
7,S1,Diseno Publicitario,-0.06344979801263192,AB,0.7200678200091131,1,A,A,-1.4404395854457237,-0.6466411808423275,-1.9271138685146796,-0.45328559295153337,-1.27946791366201,-0.7701385932015805,-0.9664633570954249,-2.0453803456196686,-2.397826950087941,-1.2404830647361826,-1.1049199666558827,-1.0821774416083576,-1.1659944809437346,1
7,S1,Diseno Publicitario,-0.06344979801263192,AB,0.7200678200091131,2,B,B,-1.4404395854457237,0.1429153497657667,-2.149379677580953,-1.138793390354153,-1.2577242237052446,-1.447099399740904,-2.4984665306259473,-1.3167067690261918,-1.0212479059356343,-2.1980324638516415,-2.4899222872411784,-1.1084023084911845,-0.2736644855241064,1
8,S2,Diseno Publicitario,-0.06344979801263192,BA,0.5147052057737699,1,B,A,-0.7788083210260984,-0.34932571448544536,-0.42942997195442467,0.09428312335438815,-0.5904643112127492,-0.07769192068383246,-1.4669012243180763,-0.3757800234546546,-0.3362661216097744,-0.4833210910802544,-0.30203032088732024,-0.3902036742945999,-0.6481780442095277,1
8,S2,Diseno Publicitario,-0.06344979801263192,BA,0.5147052057737699,2,A,B,-0.7788083210260984,-1.5290827080452245,0.4962068982433695,-1.2501740526642318,-1.6263416335912813,-0.3008367424181122,0.6863406835027818,-1.3383201169554142,-0.15320151257633496,-1.5991459036335927,-1.3159245358259541,-0.9137202274473027,-0.2831932297174927,1
9,S3,Diseno de Interiores,0.01924570268306199,BA,-0.06412793563418305,1,B,A,0.5787693795794124,0.49522350407609694,1.923703172137013,1.3426895076700238,0.34592422167194586,0.5963999362090048,1.0865391778091897,-0.2075519909671899,1.1175674288126296,-0.014152079952068575,0.8293891966473783,1.0148476534254387,1.2588857235449369,1
9,S3,Diseno de Interiores,0.01924570268306199,BA,-0.06412793563418305,2,A,B,0.5787693795794124,-0.4000917555375193,1.3077024047660701,0.9867255097321961,-0.3547735204678991,1.6232793154885488,0.019560827780389034,0.33123333865661275,-0.36720247090190183,-0.5590544085680282,0.9442703767501204,1.034580503070935,0.4175764112995163,1
10,S4,Diseno de Interiores,0.01924570268306199,AB,-0.08547656318586194,1,A,A,-1.0358610092620522,-2.162884905263481,-1.6844341441471222,-0.4014560420470394,-1.1334828348878234,-1.3750514915716878,-1.1807633263513146,-1.4380670777575193,-2.80632796526758,-1.675161607361334,-2.3691592857626658,-1.6683790217256562,-1.6585070785856986,1
10,S4,Diseno de Interiores,0.01924570268306199,AB,-0.08547656318586194,2,B,B,-1.0358610092620522,-0.5732757224809741,-1.7993670800412058,-3.0520547275981547,-1.174579792361409,-0.8184089406689148,-0.5306205521378735,-1.2679771135917342,-0.8213897042001841,-1.4785564438583403,-1.5981685614566064,-1.9251788353084756,0.7737383491545211,1
11,S5,Comunicacion Audiovisual,-0.15170610796792525,AB,0.16091632266564457,1,A,A,-0.3198698302930574,-0.23253229636042838,-1.001124354056192,0.33364272437149944,-1.5925551508319318,-0.7140784344102409,-0.45669675837704216,-1.1005622768374563,0.7654496518234213,-0.7273781459608042,-0.06727560606718225,-0.15234927881117372,-0.7472635657337876,0
11,S5,Comunicacion Audiovisual,-0.15170610796792525,AB,0.16091632266564457,2,B,B,-0.3198698302930574,-0.9432987662198127,-0.07137623159614265,-0.28271208617017485,-1.3308940589730454,-0.9778250953829788,-0.6545944139409827,0.4419156670616825,-0.908072842215823,0.9314798547993888,0.01807253468587533,-0.6091779558270137,-1.0992094681211546,1
12,S6,Diseno de Modas,0.11166173680869554,BA,-0.6140183945189056,1,B,A,1.4895798017287174,-0.12690920689248952,2.283926683452178,2.708525550911242,1.0876467416130737,2.3591955150780675,0.5132208702993325,1.294467062451852,0.8938314816558489,1.5576127463756237,2.0542853620557526,0.47159577244014095,1.3015159032268364,1
12,S6,Diseno de Modas,0.11166173680869554,BA,-0.6140183945189056,2,A,B,1.4895798017287174,0.8718683320527966,0.37308047790517396,1.8922144318088887,3.276733454049557,2.495743375505495,2.084112261738129,1.797422804303237,1.5698305345653618,1.7354359060560522,1.247588520483954,2.0371878076763585,1.6059982752741648,1
13,S1,Diseno Publicitario,-0.06344979801263192,AB,-0.4037502646562769,1,A,A,0.5987751532103336,0.7494527745255154,1.0255640238832089,-0.06346848666804561,-0.3658081887899225,0.9720983749498193,1.043881863903872,-0.5549232369104808,1.321151956791078,0.7091463065281723,0.5331903825238361,0.8970132243438022,0.8137678571142997,1
13,S1,Diseno Publicitario,-0.06344979801263192,AB,-0.4037502646562769,2,B,B,0.5987751532103336,0.48731508894379205,1.1608560568945239,-0.09321787968189926,0.572834629812301,1.3331019367431909,-0.1404647447963961,0.1794324799703722,1.075612136485018,1.7185883240890996,1.8607000247803933,1.58498280357106,0.3605085155783857,1
14,S2,Diseno Publicitario,-0.06344979801263192,BA,0.5482601802064181,1,B,A,1.2664173253598872,1.6128981661337982,1.3886307123400674,1.4220167179806191,0.5133716109850736,1.340914943585366,-0.3472306098098912,2.3898581461715467,0.38860432935706957,0.5936079433618717,1.4073211152471654,1.2286187543094846,1.6336281761108835,1
14,S2,Diseno Publicitario,-0.06344979801263192,BA,0.5482601802064181,2,A,B,1.2664173253598872,2.6224094324074594,3.793568418641006,1.7528521040423906,1.260011328049953,2.4550451864972764,2.7579859109819536,0.6420162784495321,0.917620808417121,1.7968584007213946,1.8478770408370286,1.3198739707180949,2.524501304183749,1
15,S3,Diseno de Interiores,0.01924570268306199,BA,-0.1304827931408637,1,B,A,-0.7011403467231125,-1.101357650489161,-0.4429889691609538,-1.2998700376141161,-0.14484273700571526,-1.499401385090688,-1.3969876481218946,-0.5044306953437541,-1.1405498921348567,-1.30570308137164,-0.8872581793083834,-1.7220128127204168,-0.9429818923193245,1
15,S3,Diseno de Interiores,0.01924570268306199,BA,-0.1304827931408637,2,A,B,-0.7011403467231125,-0.10985720681863803,-0.45849186742468423,-1.2066664472543847,-0.24192826640078388,-0.5793746790607698,-0.2075951335326572,0.7715286075785845,-0.3364048581615039,-0.7992177044188494,-1.7650705669239461,0.2963303271504185,-0.6693193240983636,1
16,S4,Diseno de Interiores,0.01924570268306199,AB,-1.3744261756767235,1,A,A,-1.7394649840498018,-1.8638214243395206,-1.3746792845286182,-0.7043943479338277,-1.4853122728995485,-1.5338013364639296,-2.4287951766313625,-1.7454714022693025,-1.245852953316642,-1.3894075000216106,-1.4096423089420624,-1.3035390564233729,-0.7155583879977858,0
16,S4,Diseno de Interiores,0.01924570268306199,AB,-1.3744261756767235,2,B,B,-1.7394649840498018,-2.2874897509304377,-2.2811742842803717,-2.0951516153806735,-1.570778593297621,-2.6851393897164857,-2.500741859206721,-0.6802890354920388,-2.403213320511651,-2.6942415975518683,-1.3537397136234115,-1.1076867016482956,-2.477277218767229,0
17,S5,Comunicacion Audiovisual,-0.15170610796792525,AB,-0.47727871963320684,1,A,A,1.0722432434865194,0.8358521313257757,0.19164762462057572,0.9504967060464394,1.3958849971948093,0.5046221670875974,1.6250951996349312,0.43403404620159536,0.4599956626235481,0.7989055164734942,1.7390699290384195,0.8943229831097927,0.19650157139492608,1
17,S5,Comunicacion Audiovisual,-0.15170610796792525,AB,-0.47727871963320684,2,B,B,1.0722432434865194,1.5183004380618157,1.1774719083653966,0.4718123439920376,-0.6695133588477233,-0.07287082673545642,0.5774844510889465,0.729223606924579,1.2364485727165344,1.076264579112715,0.4363607474353115,1.028736919057083,0.5622931577830247,1
18,S6,Diseno de Modas,0.11166173680869554,BA,0.6566216052935377,1,B,A,-1.0019296767756232,-1.6789767267039917,-0.09603808798852453,0.04702490692168293,-0.6587987953927625,-0.5218590312059057,-0.4452640785523428,-1.0494341338429023,-1.1950290031906654,-0.6451903523546023,-1.5015996304485637,-0.7720720015183564,-1.0839751788776986,1
18,S6,Diseno de Modas,0.11166173680869554,BA,0.6566216052935377,2,A,B,-1.0019296767756232,0.27506117791452434,-0.7379005280438726,0.24697411919686707,-0.6119388648564641,-0.889055735690166,-0.02831802012906448,-1.389353908917119,-1.5844887157210699,-1.1603657045723792,-2.5297994116357625,-1.5406934859286054,-0.3431242472134548,1
19,S1,Diseno Publicitario,-0.06344979801263192,AB,-0.23228277208327797,1,A,A,0.06429265119606199,1.1706002350273275,0.7405832830244052,-0.6064107789747005,0.3870408456441235,0.28108463359186636,-0.2926463118645546,0.3011283100415498,-0.29360398552585265,2.05833538887384,0.46082608858864227,-0.48886703083664385,-1.1382176738841387,1
19,S1,Diseno Publicitario,-0.06344979801263192,AB,-0.23228277208327797,2,B,B,0.06429265119606199,-0.018732606269443532,-0.2697116980684024,-0.08815022700121476,0.5674082271948807,0.27949300173421043,0.12724868328712036,-1.1965198749026111,0.45262559912224365,1.3950481862458812,0.6393964051754738,1.4730135764635854,-0.43016420338594563,1
20,S2,Diseno Publicitario,-0.06344979801263192,BA,-0.14873281023632337,1,B,A,0.15350809625151998,0.08800279897055696,1.1013161277179249,-0.7342825824481185,0.2216663655173969,-0.24514642286356797,0.4180997988363304,-0.6020066933917576,-0.13343311756844436,-1.4037225696158768,-0.32161649151404736,0.39129821964542644,-0.6661475872833063,1
20,S2,Diseno Publicitario,-0.06344979801263192,BA,-0.14873281023632337,2,A,B,0.15350809625151998,-0.6705444869393702,0.43962758411735736,1.6289704686173327,0.7959360878080372,0.3115265793133353,1.1487627497973338,1.0727200342689274,0.03049745878458343,0.23687695116900379,-0.15817648190645442,-0.340052404476503,-1.0148575464065888,1
21,S3,Diseno de Interiores,0.01924570268306199,BA,0.6418366281712384,1,B,A,-0.6709710878263909,0.953700096933921,-0.29763293399325097,-0.39200579279562786,-1.523795952520198,-0.66168463847484,-0.9379599034957582,-0.592440569205046,-1.256241487418873,-0.27927664852724476,-0.8230429340911564,-1.6839782778611694,-1.6183274656507334,1
21,S3,Diseno de Interiores,0.01924570268306199,BA,0.6418366281712384,2,A,B,-0.6709710878263909,0.3967268249009497,0.20631101766074822,-0.5035927545731805,0.0011973668923055403,-0.030509338687267407,-0.3419227453088149,-0.3328386513122432,-0.28780422346251777,-0.42910238899017283,0.45355353137396637,-1.5102834152610005,-0.12122432318490706,1
22,S4,Diseno de Interiores,0.01924570268306199,AB,1.8246103049154356,1,A,A,1.09787736913401,1.6726320487928765,0.5547510541093575,1.302167535861745,1.4535494655778423,2.455937798261874,0.8359196596015042,2.2803336276439294,0.6941543582080121,2.0811609605714594,1.739213701652734,1.3230428538227292,1.1718265488217867,1
22,S4,Diseno de Interiores,0.01924570268306199,AB,1.8246103049154356,2,B,B,1.09787736913401,1.4214291364029532,1.2920310767743648,1.7755999940104876,1.339654719986103,0.5719004796923338,1.9001708388176766,-0.14295407002948624,1.246951542266755,-0.924953222012562,1.9040081549248515,0.41225934745186354,1.2132348686977035,1
23,S5,Comunicacion Audiovisual,-0.15170610796792525,AB,-0.7131886718682877,1,A,A,1.0955470732958843,1.3157479309293905,2.2583120763032953,0.8128930375116963,1.896196746242446,1.027879894463624,1.0167577962364711,-1.0218926091144644,1.1789017249302458,0.3357089970803514,0.9914699736976499,0.32077309821337885,1.5490058932541872,1
23,S5,Comunicacion Audiovisual,-0.15170610796792525,AB,-0.7131886718682877,2,B,B,1.0955470732958843,0.36636931866365524,0.8926668083563526,1.9276880560521983,0.5013201351945218,-0.05145689395754982,-0.14358961529819503,2.340043459271345,0.7841713898431182,2.1861703307880314,0.7811212716258241,0.9380929437222105,1.4173197514580151,1
24,S6,Diseno de Modas,0.11166173680869554,BA,1.3482068134340977,1,B,A,0.3899299150368999,0.7441189882414875,1.5756154200046328,-0.10109999237833667,0.09246137307233221,1.5125213467945082,0.2673556072778259,-0.5869236502318247,-0.2371741369155579,1.2490244880117172,1.1684706182182922,0.6348495684065429,0.7052590516116406,1
24,S6,Diseno de Modas,0.11166173680869554,BA,1.3482068134340977,2,A,B,0.3899299150368999,0.3107551604757752,1.5489693017258561,0.08079000208449216,0.014989888526803496,-0.34442727223217273,0.8335505044660446,0.4374571288044546,0.298881216619522,2.0060062362165443,-0.7824356719325568,1.2885582924786063,1.7940903044082632,0
25,S1,Diseno Publicitario,-0.06344979801263192,AB,-1.2300127753398604,1,A,A,-0.02085304555108107,0.24285329661933983,-1.4412043544720718,0.8785573677009412,-0.337826301419762,-0.024227654835783097,-0.5727537420315445,-1.1811146879040482,-0.2745631738803323,1.1493062289704636,0.3415979986175637,-0.6114786629634515,0.47290481395151257,1
25,S1,Diseno Publicitario,-0.06344979801263192,AB,-1.2300127753398604,2,B,B,-0.02085304555108107,-0.7583739623597228,0.2613818384658831,-0.5698150059509111,0.49828475112237686,-0.6108837274942966,-0.8143170902985901,-1.8393764161750152,0.659233611541793,-0.9285887868826198,-0.9397858620844473,-0.5245584619185272,-2.02877065770201,1
26,S2,Diseno Publicitario,-0.06344979801263192,BA,0.17497762274037393,1,B,A,0.13536628273749288,0.5713902110493658,-0.7913727294183919,0.9521627233284122,-1.2211422265164016,-0.5039801886841101,-1.2413886930509703,0.06783309295358218,-0.49998983708318845,0.8671469056467485,0.6904550604362834,0.3858366816710267,0.5549703695201916,1
26,S2,Diseno Publicitario,-0.06344979801263192,BA,0.17497762274037393,2,A,B,0.13536628273749288,0.2730492844791028,0.5028813121505199,0.9703252476729614,0.5158010903588413,0.8241728692361685,0.3802079453455688,0.450598581377738,0.6353361284592595,-0.0645835427997816,0.49435697803918865,-0.2188877586983302,0.8493790198363051,1
27,S3,Diseno de Interiores,0.01924570268306199,BA,-1.1695295195123863,1,B,A,-0.7749239868933443,-0.9010755357115605,-1.3449822449163689,-2.0414237951929968,-2.862040720601436,-0.7627905962014485,-1.4166200239797673,-1.3727514774259812,0.044176953490641435,-0.6273145007060982,-1.4035631657582583,-0.19348043367057866,-0.4085513095573036,1
27,S3,Diseno de Interiores,0.01924570268306199,BA,-1.1695295195123863,2,A,B,-0.7749239868933443,1.4225563489032695,-0.695719833701398,-1.1120922668240554,-1.17919436854856,-1.3700062975401615,-0.07123671248853225,-2.5860653702009286,-0.3437664296608806,-0.735296061609891,-0.6206359763291667,-1.1169066809790127,-1.2179944830057077,1
28,S4,Diseno de Interiores,0.01924570268306199,AB,1.351458184504187,1,A,A,-0.16904360417938508,0.7815995311774072,0.12280237597379054,0.2377929211531816,0.5022743394990948,0.5034873654682309,0.09428444673357862,0.03135992542185734,0.32419308299516797,-0.499046408911708,-0.9711653829933429,-1.1215465437966596,-0.9294650149276786,1
28,S4,Diseno de Interiores,0.01924570268306199,AB,1.351458184504187,2,B,B,-0.16904360417938508,0.23228431737834548,0.2545130300614165,-0.1029550354102521,-0.31789847993535325,0.20103707970514478,0.6084340946789788,1.1563726350555787,-0.37910729667326,-0.5250364713751536,-0.9113644855355483,-0.6850002851698931,-0.13574514653561603,1
29,S5,Comunicacion Audiovisual,-0.15170610796792525,AB,0.8339229967182518,1,A,A,-0.07419893948992391,0.09057085487608307,-0.2978219463812747,0.26335034907116606,-0.8107839831839887,-0.49287148892827803,-0.8264065406863997,-1.3150510237559245,0.21589440333203364,0.47379824774660945,-0.35406212865953646,-1.185711640948281,0.42676954126534433,1
29,S5,Comunicacion Audiovisual,-0.15170610796792525,AB,0.8339229967182518,2,B,B,-0.07419893948992391,-0.8456151783736238,-1.0260994515382527,-0.5339158883571448,-0.35119730504945335,-1.1691861116008337,0.13089819007464953,0.44776054577764796,0.22273158741167476,-0.4590872686117468,-0.6142171352534298,-0.46241609664659783,0.5679634918259057,1
30,S6,Diseno de Modas,0.11166173680869554,BA,1.1377167846550682,1,B,A,-0.602619628168504,0.2863597457500685,-1.1544460167650654,-0.530354139354781,0.23910502566022762,0.028028514850381825,0.008167004210474837,-0.42538445175713174,-1.7663790164289739,-0.45011614705883773,0.09427564173674463,-0.2755227801229072,-1.9633648858435166,1
30,S6,Diseno de Modas,0.11166173680869554,BA,1.1377167846550682,2,A,B,-0.602619628168504,1.0727245278839295,0.5475790900927429,0.6378565039865005,0.9746569900425955,0.39075107713028345,0.4196371835355491,-1.929700218798779,-0.8560314853436061,-0.259562685907347,0.8708229962996422,-0.5791418816914278,-0.35501103316223226,1
31,S1,Diseno Publicitario,-0.06344979801263192,AB,-0.8855331545554961,1,A,A,0.6004855916609245,0.6097117628057891,1.7436070330341684,1.496720990666737,1.6135001716467465,0.8913743969168456,0.32772046401719923,1.2958637479161728,-0.2758931579236603,0.2234011250533693,0.600964189869121,0.5042738006370406,1.5456020521751035,1
31,S1,Diseno Publicitario,-0.06344979801263192,AB,-0.8855331545554961,2,B,B,0.6004855916609245,1.5798481962824307,0.5986588937627644,-0.15443982179595667,0.8966566780994814,-0.0172364027502091,-0.2513170128535411,0.7122845546435898,-0.7372466596563086,0.3986964289564874,0.5947563337972751,-0.31777322980548606,1.168830429961759,1
32,S2,Diseno Publicitario,-0.06344979801263192,BA,0.6845550254847351,1,B,A,-1.0086746673719829,-1.2088335841069466,-0.4938470250182575,-1.2834706994718934,-0.8544731574907463,-0.3299418740925173,0.025566127504415448,-1.1268142286986544,-1.043916079270689,-0.1947648656882458,-0.4845014602153609,-1.5603583686316638,0.8732041197670553,1
32,S2,Diseno Publicitario,-0.06344979801263192,BA,0.6845550254847351,2,A,B,-1.0086746673719829,-1.9631799658312201,-0.058701229058286564,-0.8090932735784812,-0.03234825998539159,1.6527186732819001,-0.8853650016331875,-0.12372795600738917,-0.7166872131324373,-2.2106829501400203,-1.238226206715382,-1.2971581849349383,-1.5240099052626266,1
33,S3,Diseno de Interiores,0.01924570268306199,BA,-0.5190133298294971,1,B,A,-0.32061563286253414,-1.0011311534670486,-1.4650051169351586,-1.4837125451304236,-1.3369004385580052,-0.47343793591863104,-1.3973599399339744,-0.31527437070299913,-0.8073797325710583,-0.7962587316397562,-0.006341963363844905,-0.16028572816919343,-1.2160454192609365,1
33,S3,Diseno de Interiores,0.01924570268306199,BA,-0.5190133298294971,2,A,B,-0.32061563286253414,-0.866628373679224,-1.4833863820481472,0.5340383192144387,-0.8245516891789036,0.21399335031709,-0.30447957284810934,0.566716508756806,0.029374613669851057,-1.2670942757329453,-1.6558528603955436,1.4522085525236599,0.33207813490953264,1
34,S4,Diseno de Interiores,0.01924570268306199,AB,-0.45738531115194264,1,A,A,-1.5930251798584532,-1.676516386267088,-1.5586310247835737,-1.0930814395417607,-0.5891192663606929,-2.089407837846451,-1.286267009923189,0.24278737588277632,-1.2038621506562868,-1.4395576917524595,-2.089980939707332,-2.093358010141726,-0.4809875621670685,1
34,S4,Diseno de Interiores,0.01924570268306199,AB,-0.45738531115194264,2,B,B,-1.5930251798584532,-1.2090448908210418,-2.950453542638766,-1.2737110827848679,-1.0269106281272404,-2.2634065088896067,-2.1683970105726993,-1.4556712414222879,-1.5380802046895357,0.3188889727981923,-2.6904344081481377,-0.9423451953141194,-2.3391817255475433,1
35,S5,Comunicacion Audiovisual,-0.15170610796792525,AB,0.5065370793987306,1,A,A,0.3513037333753556,-0.22130532468418862,0.20290195316623416,0.3475982678601927,1.0343547198354552,1.6216039530131243,0.6918478611140186,0.6492546738781553,-0.010216492939652044,-0.5175914415480609,-1.0078965859210447,-0.48109245942900114,0.3862451459486964,1
35,S5,Comunicacion Audiovisual,-0.15170610796792525,AB,0.5065370793987306,2,B,B,0.3513037333753556,0.20883632553677572,-0.7396838452416294,0.890996623753772,0.4424327175901724,1.8013290587268036,0.8852138875554464,-0.06454214596151259,0.8166110595855377,1.2187297158842405,1.0152221107087576,-0.3983220857591119,0.5274267335053342,1
36,S6,Diseno de Modas,0.11166173680869554,BA,0.8767181724687065,1,B,A,0.525101366514968,0.7492340469574292,0.2070102976388825,1.2995078738151367,0.04491135238319954,0.3848122929317208,0.5665291708116655,1.6008085423402145,1.7626087080327602,1.5294610205689654,0.3028750796552304,-0.8869829699438736,0.8353505541119566,1
36,S6,Diseno de Modas,0.11166173680869554,BA,0.8767181724687065,2,A,B,0.525101366514968,0.5099415884889783,0.45710150161012486,1.8385347235473415,0.24452325194318658,0.5288824005140212,1.7103587787919712,-0.35139498151043624,-0.9317045041775114,-0.9866220016176901,1.625263765012729,-0.04651383812480947,1.4538205639674322,1
37,S1,Diseno Publicitario,-0.06344979801263192,AB,0.20442021540537625,1,A,A,0.4393200431096057,-0.07645242038821387,0.8942270010401092,0.4362665546845798,1.2098326066505296,-0.11959189579926055,0.4550943690833507,0.07110403313750363,0.9478511680419524,-0.5097204347858446,1.4943827850565539,1.1587688267460006,2.1722082046784856,1
37,S1,Diseno Publicitario,-0.06344979801263192,AB,0.20442021540537625,2,B,B,0.4393200431096057,0.4581808342203217,-0.021136991482406498,0.6535784012633203,1.1822073187490243,-0.08307546941654248,0.05742158625982102,0.3946488191224642,-0.3836860517195162,0.42436132323248904,0.3850267793240987,0.4037111139449391,0.017601105642095716,1
38,S2,Diseno Publicitario,-0.06344979801263192,BA,-0.6279871010105986,1,B,A,2.0633988284321694,2.362609457383294,0.9741668708547759,1.4808381490427107,0.9734568026335569,1.728483971273167,2.853168434265713,1.934179385124311,2.6559676634260923,1.365095270808642,1.7591276750889289,2.9057611775217813,1.8344055077686474,1
38,S2,Diseno Publicitario,-0.06344979801263192,BA,-0.6279871010105986,2,A,B,2.0633988284321694,1.739204303617142,2.160261345939193,1.9273997688101598,1.6228355255016993,1.2484581087775264,2.5822105053212376,1.5589583941334075,2.761805690542234,2.2600776829023355,1.5195546665161555,1.689565294534101,0.9568660705372554,1
39,S3,Diseno de Interiores,0.01924570268306199,BA,-0.8258165208830098,1,B,A,0.6645326270132608,-0.13140826802091432,2.5380217584123446,1.1039120920187486,0.3471494060682769,-0.1523322959290695,0.4704063994523559,1.2847990292015332,0.374592614842078,1.6305974089753996,-1.0713055725084502,1.3974453368759718,1.2379972672838768,1
39,S3,Diseno de Interiores,0.01924570268306199,BA,-0.8258165208830098,2,A,B,0.6645326270132608,0.7200246571796411,1.1283504945059957,0.8479043773517752,1.4183682001207667,1.4351634030642075,-0.47260393860904926,0.44487587606902923,0.35626072236485995,1.162697541373969,0.27654100717350666,0.2502391208733267,-0.16601015687307286,1
40,S4,Diseno de Interiores,0.01924570268306199,AB,1.4443170258252331,1,A,A,-0.6660880039641957,-0.06517011863040786,-1.685465280525281,-0.38887135487730473,-0.5309917822841728,-0.4360791973244228,-1.268103663929715,-2.1879757743124264,-0.6814460184858282,-0.8052313768401884,-0.8704441294196799,-0.06054053400087067,-0.5729296350659002,1
40,S4,Diseno de Interiores,0.01924570268306199,AB,1.4443170258252331,2,B,B,-0.6660880039641957,-0.824165647080987,-0.3356260462404567,-0.00366162140010029,-1.0228098811342932,-1.0474620016046852,-1.62035614510196,0.1543306572077804,-0.5824208792375594,-0.2649110346044062,-1.1529112555126173,0.4678178518731513,-0.32499839578658085,1
41,S5,Comunicacion Audiovisual,-0.15170610796792525,AB,0.5939459107122969,1,A,A,1.8834073423286206,1.7445149650407692,3.758833425084778,2.441374201987218,2.659710853933632,1.10718147667055,1.9243689818513323,3.1071277795884864,1.7398515374535288,2.132180526619686,1.1854991823748295,1.6999031240054412,2.8637791482432804,1
41,S5,Comunicacion Audiovisual,-0.15170610796792525,AB,0.5939459107122969,2,B,B,1.8834073423286206,1.6472615615534596,1.9703944316519078,1.2874296759866297,2.253129358348252,2.4983228020812684,1.7830608919415265,1.4886576987255449,2.688174568050786,0.9872827380095457,1.810535223478835,0.9067737922613521,1.8452521564134834,1
42,S6,Diseno de Modas,0.11166173680869554,BA,0.7197279364283922,1,B,A,-0.6507630798197582,-1.3589127518941884,0.3544253881148758,-1.039134552931329,-1.0620550266151996,-1.3884179878210283,-0.30665773242046174,0.3093543356867443,-1.7599742553421098,-1.076483185233997,-0.9241656394925912,0.6264220717254546,-1.0091518333008629,1
42,S6,Diseno de Modas,0.11166173680869554,BA,0.7197279364283922,2,A,B,-0.6507630798197582,-0.2966798463304148,0.5738271726215709,0.32252977732422694,-0.6573759871008561,-0.3248764308186889,0.5302517067969574,-1.0280059704051936,-1.006444126109818,-0.3199580134019655,-0.5667685849015822,-1.2881235953333163,-1.1214758587074827,1
43,S1,Diseno Publicitario,-0.06344979801263192,AB,2.1834881427128314,1,A,A,0.5577223907580072,0.5857822149765421,1.78210368815328,1.3437792917376201,1.7466674539000209,1.6294632427217994,-0.11964206264406729,-0.14507701823721175,1.0177720805824482,0.5092985782012001,-0.1526483315138425,0.13564669387836126,1.2804018094379703,0
43,S1,Diseno Publicitario,-0.06344979801263192,AB,2.1834881427128314,2,B,B,0.5577223907580072,1.931421028649389,1.5948199060627002,0.6735951249033518,-0.07391945434043024,1.125936486022991,-0.142970065344856,-0.0941872537217745,0.3543355782878236,0.785744685612146,1.8741689371435464,0.3159099481686494,0.3038868316461903,1
44,S2,Diseno Publicitario,-0.06344979801263192,BA,-0.8158629486356607,1,B,A,0.5254705827700643,-0.18616085950266473,0.41950481581095744,1.0352390586045686,-0.007453149739111542,0.3196828551709222,-0.47255432748137316,1.6831747515021256,0.34958594421808387,1.1548542317915134,0.8947706113066127,1.1500775123395646,0.5666773969650781,1
44,S2,Diseno Publicitario,-0.06344979801263192,BA,-0.8158629486356607,2,A,B,0.5254705827700643,0.9228676318130085,0.42930996672222566,0.519554473232568,0.8973497932706789,0.75643505108175,0.893754566927788,1.4925000109088598,0.3118727887351873,-1.1851002185199104,0.39790604820056474,0.9907655971314555,1.0847097159000614,1
45,S3,Diseno de Interiores,0.01924570268306199,BA,2.5594577984058473,1,B,A,-0.6220581121344797,-0.11053339344274271,-0.5358577603017514,-1.7345745771620171,-0.24265515112859648,-1.1084326875839627,-0.18269261776527948,-0.1304501761713746,0.05056990228849578,0.4256664255080018,-1.1892786711227372,-0.18079115728727302,0.3313842313548563,1
45,S3,Diseno de Interiores,0.01924570268306199,BA,2.5594577984058473,2,A,B,-0.6220581121344797,-0.7494618338364621,0.08615097746381363,-0.5316753086093461,0.678301733508907,-0.5187609612221653,-0.7180709676436123,-1.337447654703063,-0.1311980760626264,-1.971002731181854,-1.3204157338770814,-0.8375009351299582,0.22720328779847376,1
46,S4,Diseno de Interiores,0.01924570268306199,AB,3.15090813353985,1,A,A,0.9866604776743491,0.755401607145964,1.9005011199324857,0.5857352666528861,0.4086730777925358,1.2580722021471271,1.1161438124253276,1.5520430485978522,0.048987020989011976,0.9948995515621727,1.5295962822470077,0.8282958650149904,-0.048351528080790906,1
46,S4,Diseno de Interiores,0.01924570268306199,AB,3.15090813353985,2,B,B,0.9866604776743491,1.1535364903380203,0.6065057287299299,2.288609780570825,1.5009937949075123,-0.6115324253356857,1.7282929977510024,0.21868409969909675,0.18179914110197615,1.0949165382864392,0.6825897617425832,1.5465113399022576,0.18523637272394267,1
47,S5,Comunicacion Audiovisual,-0.15170610796792525,AB,1.6184131202601322,1,A,A,0.2507356230920439,0.9703021344190069,0.2634778155477403,0.8490305375587339,0.6947451615780935,0.15535211283545403,0.5219365087771852,0.6929386698797221,-0.042604895446612556,0.14727811244452704,0.27103250992565703,1.4080706501320024,0.513449082012564,1
47,S5,Comunicacion Audiovisual,-0.15170610796792525,AB,1.6184131202601322,2,B,B,0.2507356230920439,-0.07354992169962465,0.34310984796864086,0.4257304211287868,0.5876799268178485,0.19770961106822676,1.039079490498194,-0.1350373706102576,0.15309525320898346,0.38347722775536375,0.5278765460688362,-0.6520104432856718,0.6730495905458903,1
48,S6,Diseno de Modas,0.11166173680869554,BA,0.8271065315552476,1,B,A,0.4037258628002365,0.015482346152982662,0.5957215190228908,-1.1493290933095937,0.9073932910636927,0.35712952730813274,-0.1009389439611379,0.0009953961919251242,1.0447592966279386,0.0056650401425828445,0.0050891102339884475,1.2709256754490905,0.6053185087606546,1
48,S6,Diseno de Modas,0.11166173680869554,BA,0.8271065315552476,2,A,B,0.4037258628002365,-1.1513121726675852,0.6404725924871949,-0.1551188711673075,0.05435389286212067,0.759003182215068,0.7741917006522505,0.034012981996389746,0.3208803750587186,-0.11332000743761328,0.5694416038453408,1.0687344995310997,1.3628153915893184,1
49,S1,Diseno Publicitario,-0.06344979801263192,AB,-0.663821954890323,1,A,A,-0.47781538392710965,-0.7614459468889587,0.049374123629047584,-0.5974292116842882,0.5210333040962439,-0.3911901478386486,-1.2073525404057088,-1.9437021176288658,0.4567229188038817,-0.5524583678828834,-1.806567701699831,-0.026258890677120117,0.65330928087607,1
49,S1,Diseno Publicitario,-0.06344979801263192,AB,-0.663821954890323,2,B,B,-0.47781538392710965,-0.42988253767886736,-0.6843708069547995,-1.899635358570716,-0.3097816267711355,-0.5248635555955933,0.1504966515822429,-1.7192270488840644,0.8410939579879683,-0.35666913499459646,-1.1736707567218918,-0.9848125420010281,-0.533396798941543,0
50,S2,Diseno Publicitario,-0.06344979801263192,BA,0.9944856278202228,1,B,A,0.9211008910338776,1.1612652901888902,0.621348473814944,1.5227733429312464,1.2632492468324228,1.932028651093482,1.5604110046334636,0.8149705889530146,0.30745229714653577,0.4330593008652811,-0.4591210379677131,0.9790403316812247,1.0532654270587807,1
50,S2,Diseno Publicitario,-0.06344979801263192,BA,0.9944856278202228,2,A,B,0.9211008910338776,1.5703086966114004,0.3522311793644862,1.1840254462570616,0.838918346870267,1.3231414822925163,1.5815436520791732,0.1612225275539495,1.0425174223050822,1.1449051285486402,0.6158634486730297,1.1856693486644525,1.7203912402557653,1
51,S3,Diseno de Interiores,0.01924570268306199,BA,-0.4426921491035081,1,B,A,-0.6087750715928935,-1.047754248900796,-1.3256373983252254,-0.9071287594298074,-0.6681235943384742,-0.2782706083107006,-0.1373201340992325,-0.02742877490730189,0.12152091897715822,-1.2234249164482902,-0.9255501463743161,-1.0708379098814826,0.029505562600082302,1
51,S3,Diseno de Interiores,0.01924570268306199,BA,-0.4426921491035081,2,A,B,-0.6087750715928935,-0.5565580327024424,-0.2735726945285598,-0.45077092877945807,0.5248447600435042,-0.8651365144641663,0.5478253198546487,0.2218796749707651,-0.4413002649916069,-1.0281941799470862,0.6137871088184228,0.21837258958731232,-1.3460759799175057,1
52,S4,Diseno de Interiores,0.01924570268306199,AB,-0.021650789789891167,1,A,A,-1.2580556296931753,-0.4935493624044005,-1.0377875861452193,-1.7639145972780725,-1.11279106349608,-0.9033838221819009,-0.08273222959783011,-2.360973049185881,-1.0116562393423385,-1.4331577875065016,-1.830342922120207,-1.5968435169341575,-2.209267826288418,1
52,S4,Diseno de Interiores,0.01924570268306199,AB,-0.021650789789891167,2,B,B,-1.2580556296931753,-1.3480196321940756,-2.653640430615983,-1.9796794667801536,-1.0939190033222248,-1.107451227006964,-0.06039474614491014,-2.324104273242495,-1.5777435402840978,-0.947784730428394,-1.1757853655205595,-0.17503919207773322,-2.5543186478092004,1
53,S5,Comunicacion Audiovisual,-0.15170610796792525,AB,-0.29043317738973956,1,A,A,1.0077169514841398,-0.6560516902313311,1.5860270908876337,-0.3801043946760665,1.1763979844828374,0.7634284554484183,0.44674896810684084,0.8875169689153108,0.6215382218943786,0.7816987651516264,1.2807164406357008,-0.05490053353611657,0.996077191124189,1
53,S5,Comunicacion Audiovisual,-0.15170610796792525,AB,-0.29043317738973956,2,B,B,1.0077169514841398,1.5237016291630259,0.34562660825543645,0.8290453759410867,-0.33230202984714163,-0.4576991842950897,0.2412824350269145,2.382503923470635,1.1570533001618302,1.277935301792208,1.97069275428471,0.0333822033776755,0.5711249465897605,1
54,S6,Diseno de Modas,0.11166173680869554,BA,0.2838299564910305,1,B,A,-0.301742818972515,-1.0695417509311347,-0.9052631318346783,-0.010238362446565952,-0.4095247097325492,-1.3111431984804676,0.5993191651285167,-0.8602823124677921,0.40744924954847783,0.8310118017380227,-0.0036031171912317417,-1.644991058999985,-0.8044100326804253,0
54,S6,Diseno de Modas,0.11166173680869554,BA,0.2838299564910305,2,A,B,-0.301742818972515,1.084969501930774,0.8607129318098597,-0.0655168534904273,0.5825300864682037,0.3818618284326614,-0.20293533857476542,0.04740537607050199,-1.0392319247836619,-0.6463026637478264,0.200135172046488,0.19952516477721383,-1.4334590333854451,1
55,S1,Diseno Publicitario,-0.06344979801263192,AB,1.2880777154433913,1,A,A,0.030667282678500624,1.518371951748812,1.1030425629265523,0.11064993671768367,-0.04502469168404144,0.23812966844432035,-0.9389672382810602,-1.1422249486153522,-0.06424904857911194,0.9432165240288013,1.2710661514839965,-0.6124624843452269,-0.014746538094466476,1
55,S1,Diseno Publicitario,-0.06344979801263192,AB,1.2880777154433913,2,B,B,0.030667282678500624,0.6895554066738632,-0.31261326947141915,-0.5043140689759524,0.14061097067906375,-0.07823935512978661,-0.16479398368403997,-0.6181709851306441,1.3105226967817405,-0.9126451275353691,-1.1752924198875774,-0.5538167203431422,-1.0822728103336374,1
56,S2,Diseno Publicitario,-0.06344979801263192,BA,-0.5555840578664938,1,B,A,1.359594480508504,1.6921134170090364,0.8413472644854593,1.240068637454462,1.0496510754891877,0.5204429707911555,1.7770187947204041,1.6931546673712952,1.2284980725259809,1.8086200840376705,0.9258323437382291,2.0010619925182,0.49550622202740924,1
56,S2,Diseno Publicitario,-0.06344979801263192,BA,-0.5555840578664938,2,A,B,1.359594480508504,2.7864691324349646,0.5672712792218577,-0.2706010486682815,0.33561794100847964,1.492061672156358,1.1311505902806,1.1779388906464776,1.48505235101455,1.2143497661989946,1.06703429240093,2.5843368438459544,1.0896434937619535,1
57,S3,Diseno de Interiores,0.01924570268306199,BA,-0.9854038336302882,1,B,A,0.8036207390579628,-0.26426370357566953,1.130801224278639,-0.25590580452264977,1.103787356321058,0.8648061735640352,1.0595906468869214,1.1454045214002577,1.3769476029915428,2.2859954600506445,0.7298839347129161,0.26635187339234356,1.1331840775333175,1
57,S3,Diseno de Interiores,0.01924570268306199,BA,-0.9854038336302882,2,A,B,0.8036207390579628,1.1145562227057653,1.534759544216723,0.45948621097161474,-0.04239790333825011,2.2025807716642163,1.1370575100446532,0.8788669894224879,1.2169035784127444,0.43464155196045423,0.3293938549988171,1.76478422458726,0.8174440604622829,1
58,S4,Diseno de Interiores,0.01924570268306199,AB,-1.0029565517494774,1,A,A,0.4473929063934186,0.6452404117361856,0.12590763772794306,0.10664017449995744,0.7550664939282279,0.42644081636895653,-0.4839110071206877,0.4239733654036425,0.3449644255515792,-0.15088617560710865,1.1735578819688108,0.8249960861860332,0.9378813262316132,1
58,S4,Diseno de Interiores,0.01924570268306199,AB,-1.0029565517494774,2,B,B,0.4473929063934186,-0.37765467559672117,1.330264657435766,0.47028147273593385,0.23172805859499385,0.1342716105782645,0.632088784411207,0.40817668102792953,0.30173493782465055,1.1824325847746389,-0.017754758058252162,0.4326922638868176,0.3876981372538073,1
59,S5,Comunicacion Audiovisual,-0.15170610796792525,AB,-0.9682773272178793,1,A,A,0.7565433237112706,2.042161848011208,1.2291319188515657,0.47354411808935815,0.3583846266716346,0.7739781046717831,0.6147551903922338,1.711192505842242,1.8439261414408188,1.0373678090411411,0.26830044290584365,-0.09614781126183991,0.43692783007023356,1
59,S5,Comunicacion Audiovisual,-0.15170610796792525,AB,-0.9682773272178793,2,B,B,0.7565433237112706,0.03898338699824461,0.4021192812751396,0.569528183442529,0.5168167694676847,1.2243230776127703,0.07096228190670767,0.6944572901913123,0.0977438786694188,0.7999814883781046,1.0531735624003913,-0.24793140522346557,0.5068673209801431,1
60,S6,Diseno de Modas,0.11166173680869554,BA,-1.4311029837963556,1,B,A,-0.5144263284147251,-1.2944992600146639,-0.22719253089782698,0.11346471211723508,-0.22449811948015463,0.8034763423490905,-1.7778068536923883,0.07763704001753113,-1.4624973955756029,-2.2329918026399858,-1.0662860474682023,-0.47662450476437107,-1.1807579996383641,0
60,S6,Diseno de Modas,0.11166173680869554,BA,-1.4311029837963556,2,A,B,-0.5144263284147251,-0.16812747854108573,-1.5674600107978909,0.602792936620451,0.19777240861083378,0.0038006979304731625,0.7593684526136402,-0.7202860637387873,0.28227420399004577,-0.24640286077476703,-1.2847390658787599,-0.4273305977299541,-0.5066326939071742,1
61,S1,Diseno Publicitario,-0.06344979801263192,AB,-0.9129340749393138,1,A,A,0.5325140482866345,1.2212343850063905,0.26629999170311525,0.9400520607179291,0.1678268560690223,-0.5535907255466742,-0.16276993765984948,0.5788396585306324,1.435344398008195,0.44435253109029815,-0.4188768225155012,0.03590736930276861,1.3742863112060908,1
61,S1,Diseno Publicitario,-0.06344979801263192,AB,-0.9129340749393138,2,B,B,0.5325140482866345,-0.10287994029207109,0.540072216114968,1.2150187996444461,0.22583075797548668,0.2990232535494945,-1.107350037613434,-0.24564064303533883,-0.13858721184898515,0.5797660503734555,0.4055609105818241,-0.1766294193989536,1.0526712439131036,1
62,S2,Diseno Publicitario,-0.06344979801263192,BA,1.2932656165144563,1,B,A,0.7848440604998442,0.3314260071074798,0.7880137937796865,1.9884255394930204,0.16767596987393718,-0.0847703009969687,1.3517685001520179,-0.7191376874278391,1.420124294332273,0.2199301842581045,1.46882737716193,-0.15464444742482186,1.2917772182408536,1
62,S2,Diseno Publicitario,-0.06344979801263192,BA,1.2932656165144563,2,A,B,0.7848440604998442,1.5318430760061998,2.5849168708829886,1.427310845645763,0.1219483713036611,0.46726790850708677,0.8486150012310754,0.46290211715077134,1.05725824654487,1.6931368410815693,1.3113355155665882,1.0287004407614042,1.0421605569942298,1
63,S3,Diseno de Interiores,0.01924570268306199,BA,-0.5933119682389986,1,B,A,0.5341641996496151,-0.7036485728616587,0.5639930315591152,-0.674336101055627,0.9968287932406736,1.5420511355181348,1.1487300825397873,0.5798997907072909,0.47303116625554104,0.508489364853882,0.8158866369705005,1.0043965722921566,0.6847881269984414,1
63,S3,Diseno de Interiores,0.01924570268306199,BA,-0.5933119682389986,2,A,B,0.5341641996496151,0.1781125791803776,0.9435401514699426,1.4252529756870274,-0.07146187836614226,0.45212064815445524,0.63858723751316,0.17193048188019516,0.6317260594323756,0.34400364686910206,0.5815366139344452,1.0360992190021432,0.5914183227852247,1
64,S4,Diseno de Interiores,0.01924570268306199,AB,0.25710765788638085,1,A,A,-0.1443449803595354,-0.5192548759132679,-0.9055656403408449,-0.6400454179742033,-0.4664689895204226,-0.4565610735697718,0.05095274047126472,0.21393955844130874,1.1847435663154073,-1.263812965235081,-0.5729970055962224,0.28288575832071894,-0.9352125130705973,1
64,S4,Diseno de Interiores,0.01924570268306199,AB,0.25710765788638085,2,B,B,-0.1443449803595354,-0.4036538369454415,-0.18910683629908664,1.2299966801648226,0.19174614753553088,0.8354515514041425,0.3253430694333113,-0.736084646633069,0.40748168404488744,-0.30295341298278655,-0.2475491071860429,-0.5363559218915636,-0.9677734126453665,1
65,S5,Comunicacion Audiovisual,-0.15170610796792525,AB,-1.216893966089114,1,A,A,-2.649821750996798,-2.9246594900112233,-3.418095640161742,-1.6142705705817655,-3.797023530702973,-2.7924808707725854,-2.753744068741637,-3.662633487547055,-2.205976328854617,-3.442711730155144,-3.5498281729547436,-1.5248761431441409,-3.3481421390897887,0
65,S5,Comunicacion Audiovisual,-0.15170610796792525,AB,-1.216893966089114,2,B,B,-2.649821750996798,-1.690009668961528,-1.293233554043848,-3.3505032562814843,-2.6345830014980254,-3.825365607831002,-2.906665938663634,-3.720775753111888,-2.2522735268936356,-1.7033642547556287,-2.5754131558711753,-3.3705338005336247,-1.994051752488216,0
66,S6,Diseno de Modas,0.11166173680869554,BA,0.16965057990044394,1,B,A,0.3940723848625785,1.0127827705254955,0.1172876899524683,-0.39648192005271166,-0.20543717529634087,0.38226266261459757,1.1430374442859508,0.8276158513998737,0.0026157568585369884,0.5485073933136717,1.0631434037471823,0.789777954561748,-0.07571937499224501,1
66,S6,Diseno de Modas,0.11166173680869554,BA,0.16965057990044394,2,A,B,0.3940723848625785,0.8070196388258067,0.83536818206034,0.2942280381338905,-0.03239529992035406,-0.2133890876784933,0.14159722673456732,-0.22228982961758764,0.20015600281901386,-0.05553387902893164,-0.7877706641475588,0.10248983774439896,0.8314130017598854,1
67,S1,Diseno Publicitario,-0.06344979801263192,AB,-1.7407814485295512,1,A,A,0.08122991277100414,-0.2422253332513342,0.7363690560778398,-0.1393564001422997,-0.5139309150532732,-0.7086610827634302,0.29732471462060994,0.05353657223534457,0.00996236991593119,-0.06982254368507179,0.9756737901270028,-0.7164247391585724,-0.7558226216838885,1
67,S1,Diseno Publicitario,-0.06344979801263192,AB,-1.7407814485295512,2,B,B,0.08122991277100414,0.3649226065141086,0.2509955963459754,0.6626537842444751,-0.8351238521153499,-0.14972737356460358,-0.04203605114720532,-0.9527129781814465,-0.50958656039856,1.0846286311881819,-1.4795261404859443,-0.3836844822200366,-0.13285451199541046,1
68,S2,Diseno Publicitario,-0.06344979801263192,BA,-0.6987558974796816,1,B,A,-0.26131386444333526,-0.2866525523535785,-1.5475243108987051,-1.4531566493993946,-0.4026601230629642,-2.4152047119493245,-1.7134011035314956,-0.9120747877841977,0.14418092700103258,-0.1849859962976531,-0.8457206549112399,0.11789451220954483,-0.9787524889107199,1
68,S2,Diseno Publicitario,-0.06344979801263192,BA,-0.6987558974796816,2,A,B,-0.26131386444333526,0.46060284935335916,0.24192532929137114,0.4440212829150785,0.8131958332156537,0.3181287062165721,0.6019346206214528,-0.3171745417934094,0.583879807688968,-0.29338861997051285,-1.0591118523051635,0.5014818494785064,0.2164151511073335,1
69,S3,Diseno de Interiores,0.01924570268306199,BA,2.25453892712826,1,B,A,0.5501988146173745,1.7241221991597837,1.2898921983120823,-0.7058430309490875,1.2442561252775388,0.9010023451306562,1.299295987157139,1.2700994008787334,0.5147297732925196,1.8402905097207132,0.005376074296045363,0.7722086876236496,1.9450179635510616,1
69,S3,Diseno de Interiores,0.01924570268306199,BA,2.25453892712826,2,A,B,0.5501988146173745,0.45473097110295535,0.9991812246648175,2.0158395223098418,1.4763871991318325,1.7458386428155321,2.2423159503138237,-0.2500997851552048,0.0029883782963621153,0.7893185059389758,0.2605545533923982,-1.5317039452037657,-0.3535864644171195,1
70,S4,Diseno de Interiores,0.01924570268306199,AB,-0.5829696909767876,1,A,A,0.18788037890072679,-1.3133283904756192,0.5679870314479393,0.22586598280136738,-0.1754117911092986,-0.010333061249583497,-0.0385371718838447,-0.885715332715137,-0.3385834813299183,0.8046013871465438,1.0334211520919603,0.7016494077914246,0.3813912650568799,1
70,S4,Diseno de Interiores,0.01924570268306199,AB,-0.5829696909767876,2,B,B,0.18788037890072679,0.09426393642556127,0.2237366571512035,0.2609207252450746,-0.04082558126880176,0.38410629747924774,-0.6564160671090437,0.1297518819420652,1.3484152983203908,-0.08394254069120122,-0.5617682298263136,-1.3222904911046698,-0.4197247601814497,1
71,S5,Comunicacion Audiovisual,-0.15170610796792525,AB,1.1199763853913791,1,A,A,0.14421848787477534,0.37669651117121755,-0.6991015765483686,0.23546636454107078,0.3658225517170718,-0.389037146465674,2.4777621787312136,0.20200962648439033,-0.2383513814093142,-0.148306570292802,-0.5480396648904854,1.5017244008877233,0.6392032002154348,1
71,S5,Comunicacion Audiovisual,-0.15170610796792525,AB,1.1199763853913791,2,B,B,0.14421848787477534,0.35329211356803425,-0.20794491873297055,0.8221780840097515,0.11685559007199735,-0.5229163908349732,-0.5580181569634985,-0.21459063823549604,-0.6876495131721397,0.7175906301653863,-0.42039400570409624,0.2918153232701994,1.3318897168355732,1
72,S6,Diseno de Modas,0.11166173680869554,BA,0.4550541251212029,1,B,A,-1.049057238898311,-1.452569728225825,-0.9744888334051909,-0.756579631167528,-0.9210328993551465,-0.9777782021827562,-1.579346565756317,-0.23996338725141442,-2.0688670619673344,-1.1060672958943862,-1.4800056064515437,-0.950732489364999,-1.4369300448480211,0
72,S6,Diseno de Modas,0.11166173680869554,BA,0.4550541251212029,2,A,B,-1.049057238898311,-0.7736247605463653,-1.06381387843763,0.5744128279303036,-1.49307301203057,-0.6008215078770456,-0.22780819594049545,-2.3181041687438686,-1.351620339995528,-0.818654094017543,-1.5436740900532966,-0.3439608813332843,-0.341445670410356,1
73,S1,Diseno Publicitario,-0.06344979801263192,AB,-0.15298577722473797,1,A,A,-1.0318968737397507,-0.5632080305293128,-0.6171317756254128,-2.2242939659502303,0.2516575681477232,-0.9753369776962988,-1.2741855747047777,-1.6688005520619578,-0.14065128670425775,-1.1011841125204826,-2.0152956118206964,-1.2377584596499145,-1.1240040379332412,0
73,S1,Diseno Publicitario,-0.06344979801263192,AB,-0.15298577722473797,2,B,B,-1.0318968737397507,-0.6951502973212729,-0.3797953330316278,-1.7582769209675495,-2.077582793178226,-0.19476789926864446,-0.8273954173461009,-1.086653781343621,-0.11558555384555214,-1.0552841712801486,-0.8965191346415851,-1.21956560329497,-1.5604557289542227,1
74,S2,Diseno Publicitario,-0.06344979801263192,BA,-0.6521068213049493,1,B,A,0.2620085375866779,0.8818868817945733,0.17407980085094105,-1.0010408903896684,-0.1700474649792351,-0.2722423422776905,-0.9857425963959889,-0.4135112753745293,0.7123155864080402,0.14423594694989803,0.1238439601105912,-0.013544040629910437,-0.02298277403101301,1
74,S2,Diseno Publicitario,-0.06344979801263192,BA,-0.6521068213049493,2,A,B,0.2620085375866779,-1.1710481472625287,0.057219475108398754,0.8582911402276295,0.8968857034804893,0.668527005883242,-0.8491149178061116,0.4431972633925828,-0.22840383330038705,-0.6913577452944626,0.9182870562250729,0.34776884748834014,1.0930030116068485,1
75,S3,Diseno de Interiores,0.01924570268306199,BA,1.2869093984134494,1,B,A,0.0537805001953104,-1.059714982546105,1.1097371896806643,-1.0772353355104407,-0.4310182628328366,0.32976109864336967,-0.27092352722371105,0.0005732411268464105,0.6704521374379188,0.9523840478311314,0.881056697356832,0.10734611178981716,0.35632211237798245,1
75,S3,Diseno de Interiores,0.01924570268306199,BA,1.2869093984134494,2,A,B,0.0537805001953104,1.559811148070902,0.5833086978331905,2.23505598460836,1.2180616311079073,0.628724645922946,0.9919290890962345,-0.1793689674448118,-0.04951192059033163,-0.39353049115992,-1.0916312614964636,0.21003782828792594,-0.002663788988797995,1
76,S4,Diseno de Interiores,0.01924570268306199,AB,-0.1773834594028799,1,A,A,0.0981046260455709,0.6808041200438051,0.46072206023959017,0.30566914050317945,-0.7985657039410516,0.5330840569976595,0.21742679142415677,1.7460032664975371,0.5645406401714685,-0.7715478643392918,1.1648885808058256,-2.261838431667356,-0.023165846070620943,1
76,S4,Diseno de Interiores,0.01924570268306199,AB,-0.1773834594028799,2,B,B,0.0981046260455709,0.6417859916193934,-0.4190943976914127,0.9547580569179964,-0.45732162983141295,-1.1612127064462643,0.9351202493698751,-0.6601627821744115,1.6749502214299727,0.13145819835017206,0.4152756246369908,0.025824536588618455,-0.34604424019794155,1
77,S5,Comunicacion Audiovisual,-0.15170610796792525,AB,1.527424478271748,1,A,A,0.11756564321333095,0.15356480933880706,0.16107277779524498,-0.338325615517031,-1.360819786589202,-0.04498467142145657,0.15937920240381814,-0.12524718515764072,-0.004552004102071197,-0.37011942867972325,0.96860901423512,-1.017839583212038,0.5882938133675653,1
77,S5,Comunicacion Audiovisual,-0.15170610796792525,AB,1.527424478271748,2,B,B,0.11756564321333095,-0.15030528674394172,0.9307386904603734,0.33379595877503787,0.9015621033463708,0.9452535016389492,0.3279254804141865,0.4064686394805708,-0.8073648791578615,0.9856775146480289,0.008861723723006365,2.04291903821183,1.6697630216731407,1
78,S6,Diseno de Modas,0.11166173680869554,BA,-0.7190790299943703,1,B,A,0.290943622898724,0.2760260828673389,0.7006388586339445,0.5861537700587869,-0.724832379208211,-0.09089153050038767,-0.49656003398849935,-0.2982962408173693,1.680543758285007,0.7202511828039138,0.7045926679572037,0.8493630114079203,0.17462641509775478,1
78,S6,Diseno de Modas,0.11166173680869554,BA,-0.7190790299943703,2,A,B,0.290943622898724,-0.10978661420743119,0.3824657287542781,0.045286377304934455,0.008632732497997675,1.0392482424302532,-0.48721613124416685,0.32959754872897234,0.2190997250361585,-0.14766949129374268,0.6453245454342331,0.9454237386496489,-0.45207385133924516,0
79,S1,Diseno Publicitario,-0.06344979801263192,AB,0.057338987391204396,1,A,A,0.025502275404906828,-0.9513343797479225,0.09648282295992756,-0.040397938525692956,0.6141415413223974,0.45548564053551044,-0.7364687750137793,0.5726969438461535,-0.059642161298899536,-0.6238167164808514,0.9318565869669687,0.35626991327862745,0.30530158158437276,0
79,S1,Diseno Publicitario,-0.06344979801263192,AB,0.057338987391204396,2,B,B,0.025502275404906828,-0.8246381887295507,0.14134971790743206,1.0718863025773655,0.18446965553417716,-2.207241685976445,-0.5907804790348395,0.12150108192414813,-1.0896670606385144,0.4568517004143677,-0.44772429123152185,0.49537512765345026,0.4159821889037793,1
80,S2,Diseno Publicitario,-0.06344979801263192,BA,0.4654991267904626,1,B,A,0.11156084473827337,0.04033237001447444,-0.6675838477096282,0.8634120900931372,0.689949707839634,-0.9857535588967516,1.3550884503508513,0.579700767160728,0.6858764169658633,-0.40416796506454084,-0.3553533806578521,-0.5296482246066943,0.8949795118430952,1
80,S2,Diseno Publicitario,-0.06344979801263192,BA,0.4654991267904626,2,A,B,0.11156084473827337,0.8284981975553039,0.20689220106960965,0.7773247420310632,0.7744617294375102,-0.10043654002865854,-0.5405746322167092,-0.21076233001615374,0.9043041623094936,-0.8807728249782422,-0.10746418187138561,0.6645287175960486,-0.7558007241466916,1
81,S3,Diseno de Interiores,0.01924570268306199,BA,0.37316017302818355,1,B,A,0.1811001970815486,1.263936610107494,-0.2254102591683213,1.5002843875842218,0.7045688010585965,-0.40302247493409205,-0.5165049879532322,-0.060589412913295754,0.4105863734028258,-1.0171788180812187,1.0973222720699425,0.783335244364188,0.3986542113468819,1
81,S3,Diseno de Interiores,0.01924570268306199,BA,0.37316017302818355,2,A,B,0.1811001970815486,0.7792373489914277,-0.5035645597385658,-0.869569154965084,0.11406780372896275,0.19074421335198977,1.4738471635854504,1.484309511945199,1.0053655719963008,0.6570566596900279,1.2210181945241592,0.3042032284363247,-0.42674935086044796,1
82,S4,Diseno de Interiores,0.01924570268306199,AB,-1.2338015118488639,1,A,A,0.6571917909612949,0.9854872466493563,0.7189696482456691,0.8473004257197744,0.5278526219159251,0.3376302019099455,0.17094062622500533,0.9358851778701126,0.4288482284558529,-0.47034240649348746,-0.16751337593970161,1.2008750886591057,1.656737360872147,0
82,S4,Diseno de Interiores,0.01924570268306199,AB,-1.2338015118488639,2,B,B,0.6571917909612949,1.6750631651736823,0.4196871851284598,0.22169825519744402,0.9804258739352555,-0.11298588288745487,0.9069535838395595,1.2848361036674483,1.664978809482288,-0.20104457630716044,1.0008747519112828,1.405827194262645,1.208775426113172,1
83,S5,Comunicacion Audiovisual,-0.15170610796792525,AB,-0.6640627324429782,1,A,A,-0.36393995167186055,-1.0044337874246207,-1.5303226616275023,0.5414775475099836,0.013203515826895329,-0.9349786415155001,-2.074798987584334,-0.8813893914537034,0.23898261558506784,0.09925233910016507,-0.41825148470702594,-0.35677336845665836,-0.49562698218554885,1
83,S5,Comunicacion Audiovisual,-0.15170610796792525,AB,-0.6640627324429782,2,B,B,-0.36393995167186055,-1.303576903668719,-1.147410561262458,0.16954331240584652,0.01965806135113446,-2.0246806028268334,-1.3018194581380471,-0.5737906206751873,0.9399842715454961,0.18006242616960622,-0.5606330658005817,-1.1592239361905583,-1.2371333761034016,1
84,S6,Diseno de Modas,0.11166173680869554,BA,-0.19598021336613813,1,B,A,0.556066100512336,0.09795568342659422,0.4567492209065492,1.3152503334701127,-0.0871509135315538,1.828299621203565,0.8492624958565043,1.3244329564450859,-0.5693494513213953,-0.2961696327839657,0.9063764706126927,1.1356330406881368,1.9384065362786058,1
84,S6,Diseno de Modas,0.11166173680869554,BA,-0.19598021336613813,2,A,B,0.556066100512336,0.8302901173982036,-1.185952458682741,0.4662740542327646,0.059114528174458725,1.8697147244193644,-0.31227991521989074,0.5666429050933709,-0.2716229126029167,0.0987711498377723,1.841903303669119,1.6365039133744075,0.45466366903593014,1
85,S1,Diseno Publicitario,-0.06344979801263192,AB,-0.8536993093242442,1,A,A,0.44999099213700317,1.8491300327964002,0.5085963351472087,0.805573263732493,-0.5330118332923173,1.025837502752388,0.5340842546061035,-0.4830392799730852,1.1364836959127322,1.1135590564715416,0.8410565857418468,-0.3971671077082695,1.1102981129025922,1
85,S1,Diseno Publicitario,-0.06344979801263192,AB,-0.8536993093242442,2,B,B,0.44999099213700317,0.0018188358881970623,0.47708827914904345,1.022334230617027,-0.11050149713420981,0.16785519083188236,0.28182046969496777,-0.2401652928826324,0.7749995026008795,0.5730877599580614,0.10332918857194584,1.2747178946354911,-0.9305055218035454,1
86,S2,Diseno Publicitario,-0.06344979801263192,BA,0.6773251088800409,1,B,A,0.07453047342072205,0.8769481909091291,0.4515198858579913,0.8800222827529188,-0.14322596256969072,-0.7129140089819418,-0.4359600716556997,-0.026936407961551473,-0.5144176875996137,-0.27855551154864167,-0.3916371816822311,0.25871119721069646,0.17622315439231995,1
86,S2,Diseno Publicitario,-0.06344979801263192,BA,0.6773251088800409,2,A,B,0.07453047342072205,0.038457777609374744,-0.0882457236984196,-0.2923855498682305,-0.5355220376066586,2.082451624154882,0.1671849622649449,1.1311877904868308,0.20277416861532377,0.13167036464187776,0.41118383818711685,0.5107582259218335,0.6414376980329235,1
87,S3,Diseno de Interiores,0.01924570268306199,BA,0.588019181358798,1,B,A,-0.33595476141905534,-0.041022468106116206,-1.3545391129645588,-0.8616286418003903,-0.5431579770734689,-1.0770849108149374,0.11774275182841965,-0.011157423802501842,0.3841556565094141,-0.06667607601641479,-0.16933214607337002,0.2637679357167687,-1.8939765651560667,1
87,S3,Diseno de Interiores,0.01924570268306199,BA,0.588019181358798,2,A,B,-0.33595476141905534,0.5132576390602361,0.43576025082860226,0.19488120408616316,0.41333197547079537,1.0297967306658027,-0.017426838886822962,-0.9275839376386587,0.5346431278823404,-1.1403452158437442,0.4489389364650831,-1.0872345840640216,-0.132442388227527,0
88,S4,Diseno de Interiores,0.01924570268306199,AB,-1.957084454178259,1,A,A,0.2610213454671008,0.5235587350305173,-0.86555193788949,1.123021708723804,0.781301273307127,0.3519983360101968,0.8294406076667173,0.197161713762607,0.5155994770439133,-0.4836682387746059,1.2354885069267412,0.4685989221669461,1.1852300874074042,0
88,S4,Diseno de Interiores,0.01924570268306199,AB,-1.957084454178259,2,B,B,0.2610213454671008,0.5077744918080362,0.39921159601215905,0.42531200458436613,-0.46324530580162776,-0.6910472664544011,0.5358175745254357,0.2559616791337971,0.3957833022055005,1.0225393640015439,0.42723968119202155,0.9854760636633981,-0.7977366922124753,1
89,S5,Comunicacion Audiovisual,-0.15170610796792525,AB,-1.8052540712733376,1,A,A,0.6109211783465626,-0.13879749951773657,-0.1693682241364713,1.3112673044798764,0.6852323400097994,-0.24250127624895057,1.4228216992108296,-0.6226706997895729,1.0128911995670653,1.8257736874591597,1.0311528052468262,1.6209976063894147,0.5221409928182972,1
89,S5,Comunicacion Audiovisual,-0.15170610796792525,AB,-1.8052540712733376,2,B,B,0.6109211783465626,1.2080786389343006,-0.49728751420886774,-1.1921747221934165,-0.7488290057585056,-0.14283438255765374,-0.11348167341936066,0.5378667073340828,0.647226865145237,1.2259842087114305,1.7849288659913256,1.2304942295061712,0.36392023163030907,1
90,S6,Diseno de Modas,0.11166173680869554,BA,-1.2815632768197962,1,B,A,-0.7601239163072998,-0.30703033074185726,-0.7525688884901016,-1.1827721979671,-1.492221312503363,-1.4665374387583414,-0.8739403075408682,-1.0570198828154846,0.6615352068077663,-0.9180808002295727,0.15060176523704671,-1.4194045844259064,-1.210175790555029,1
90,S6,Diseno de Modas,0.11166173680869554,BA,-1.2815632768197962,2,A,B,-0.7601239163072998,-1.0769998476857006,0.17285001074130146,-0.23796225586978842,-0.5701867384461067,-1.5950592505555798,-1.3388425681562566,-0.9156601830699779,-0.9923093202461404,-1.2652933561673203,-1.4037689084157865,-0.6138705351346188,-1.2081248357845735,1
91,S1,Diseno Publicitario,-0.06344979801263192,AB,0.11725953014640239,1,A,A,0.04394359673073799,0.5157112863235747,0.007109364133181292,0.33870758308483506,-0.36332435991641143,0.4434195016893815,0.5823831667513245,-0.6376928971472933,0.1253728011032325,0.06115537338810964,-0.9724691562374548,-0.13022610844959814,-0.6004767724773763,1
91,S1,Diseno Publicitario,-0.06344979801263192,AB,0.11725953014640239,2,B,B,0.04394359673073799,-0.7707565365348961,-0.14568121286244073,-1.3392803610123223,-0.587397827482058,-0.6859714304578983,-0.5076496729124053,0.26071161612687543,-0.02121499807322213,0.7634970611324959,-0.9262742890846716,0.09056009320766487,-0.5082684698303667,1
92,S2,Diseno Publicitario,-0.06344979801263192,BA,2.0331725300388053,1,B,A,0.04578098854268621,0.19441174377837045,-1.0266537018811497,0.9157461204376879,0.2920820311614254,0.641710487655198,0.5694847612994769,-0.2945457024050597,1.212688123739092,0.9128678262952339,-1.2008476544600826,0.8351935230542644,0.001345536221973212,1
92,S2,Diseno Publicitario,-0.06344979801263192,BA,2.0331725300388053,2,A,B,0.04578098854268621,-0.28077605816382245,1.095059938216691,0.7814951254234751,-0.21851699743967967,0.4060870882659362,0.3371602978255136,-0.5489328752277108,-0.2621110899176294,0.01596574867497839,0.31474577455093855,-0.9407919433645527,0.10214842778306849,1
93,S3,Diseno de Interiores,0.01924570268306199,BA,-0.38235645046791567,1,B,A,-0.4675401733590887,-0.1576860740109033,-0.5741278839741248,-0.9855217776262898,-0.6123563374557389,-0.5901167566410841,-0.7798759009834014,0.7952648545813858,0.226320085032787,-0.20673233413300846,-1.3591379276891704,-0.09550778544314509,-1.4284362220330136,0
93,S3,Diseno de Interiores,0.01924570268306199,BA,-0.38235645046791567,2,A,B,-0.4675401733590887,1.8504788907434953,-0.47775774863283993,0.5912922555213053,-0.3866027301403671,-0.17897155218678268,-0.09706011481935473,-0.7798390522522639,-0.43965840454589333,-1.510523258407127,0.008459137762855895,-0.14939012265457163,-0.9003194598173566,0
94,S4,Diseno de Interiores,0.01924570268306199,AB,0.2506505498829739,1,A,A,-0.4379026409046274,0.8189815918382991,0.6641040860559425,-1.4538354431293423,0.07323350007800733,-0.5105252734066605,-0.758859625913036,-1.4511433020929352,-0.69149028687154,-0.5562544196974243,-1.0247914662615403,-1.1244469899672795,-0.3661991399252519,1
94,S4,Diseno de Interiores,0.01924570268306199,AB,0.2506505498829739,2,B,B,-0.4379026409046274,0.12567972899752816,-1.4593987093628051,-0.74261943331238,0.1170684831653846,-0.48544066686082793,-0.8573572910577634,0.37798724522204386,-1.8480182239798517,0.5727642328367599,0.23010606273363576,0.3628337351616133,0.4212693755330479,1
95,S5,Comunicacion Audiovisual,-0.15170610796792525,AB,-1.063111704919622,1,A,A,-1.096826586313301,-1.8864260201889638,-1.6448150722787112,-0.6328903080300512,-1.2194927841859824,-1.1411693629699131,-1.7020873066241446,-0.14578502842262242,-1.0745120782892512,-1.2181945156700797,-0.6578558239548215,-1.5104974514987064,-0.2294506099620256,0
95,S5,Comunicacion Audiovisual,-0.15170610796792525,AB,-1.063111704919622,2,B,B,-1.096826586313301,-1.1491164307667414,-1.3745698449727608,-1.1421329687943855,-1.7952639522938347,0.18974602717524913,-1.7949290663432884,-1.8268867432956708,0.15447111360149024,-0.7958816985852316,-0.9938416799939015,-1.0633918008693457,-1.1168399486627731,1
96,S6,Diseno de Modas,0.11166173680869554,BA,-1.0468362159236777,1,B,A,-0.7800288827886612,-0.1477849307636726,-1.1543765353813533,-1.1342707108135752,-0.29893062942268445,-1.920402674084955,-0.5415488495599103,-1.134290001866923,-1.2085547002862016,-0.16770605357695345,-0.47000906358556643,-2.6168214571514463,-0.6978455613148045,1
96,S6,Diseno de Modas,0.11166173680869554,BA,-1.0468362159236777,2,A,B,-0.7800288827886612,-0.6278888198077648,-2.328306213640384,-0.6841287921077996,-0.4926309157921841,-1.0786620567623726,-0.855858029932859,-0.9550498476238498,-2.78680119869348,-0.22363899449935232,-1.7029272883298006,0.016012150094886324,-1.7960094002818017,1
97,S1,Diseno Publicitario,-0.06344979801263192,AB,-1.9572278146894229,1,A,A,-1.0871601225353553,-1.1927803499700285,-1.0771762866492642,-1.4593340874715324,-1.97309125602149,-1.575148385988282,-1.7064047576290187,-1.4209477556447236,-0.8186670937644471,-1.0398288816342627,-2.8456498700897663,-1.285654211926709,-1.0332235562738161,1
97,S1,Diseno Publicitario,-0.06344979801263192,AB,-1.9572278146894229,2,B,B,-1.0871601225353553,-2.652275291205082,-1.435760846321181,-0.8309621627485229,-1.3589675604295108,-2.3723863818285476,-0.8718824653034547,-2.116278603762618,-1.8777692351651951,-1.5057624582009417,-1.4969138867059941,-1.30937931053318,-2.4411571284993343,0
98,S2,Diseno Publicitario,-0.06344979801263192,BA,-0.028344247724271864,1,B,A,-0.4359823762530249,-1.2685574372694493,0.09103512398030189,-0.8688600706219886,-1.1236554611719665,-1.6360804239428517,-0.17393673028980872,-1.249913504811457,-1.640638057956573,-1.9866540230829546,-0.14643591951088936,0.6024299962516657,-0.7128391194499103,1
98,S2,Diseno Publicitario,-0.06344979801263192,BA,-0.028344247724271864,2,A,B,-0.4359823762530249,-1.5506665125837173,1.158719728547406,0.22568117168167917,-2.0960877416560577,-1.3628339667376987,-0.37348934550802937,1.025652737368212,-0.7568100670926183,-1.2775007512510892,-1.3863252314683758,-1.8072260818595973,-1.3745371246953888,1
99,S3,Diseno de Interiores,0.01924570268306199,BA,0.9472166828226635,1,B,A,-0.3959701136904167,0.9590921787261666,-0.4875027527950933,-1.860426036520659,-1.0997244163196462,-0.4733429385427032,1.3454571380081293,-0.8786732556431568,-1.2973329888957954,-0.6364003455653047,0.03727846213520791,0.22294204999100475,-0.9424359914568868,1
99,S3,Diseno de Interiores,0.01924570268306199,BA,0.9472166828226635,2,A,B,-0.3959701136904167,0.3595594750109644,0.2572213177432081,0.8846889809501732,-0.3096554098406856,-0.38265778842644105,-0.7335217389459456,-0.8243394888485878,0.3879078165133566,0.0878048356011778,-0.0022890130458684266,0.35548593143691787,-0.299204588486806,1
100,S4,Diseno de Interiores,0.01924570268306199,AB,-0.3567143204291217,1,A,A,-0.3827464576412921,0.2554260010118935,-0.11806751642821409,1.459432273786251,-0.6479344028667473,-0.1687930682007513,0.8582438653043255,0.11151837513839158,-0.19480146071561236,-0.26031743704751303,-0.3286709094580345,-1.7964940454818157,-0.2368070942647448,1
100,S4,Diseno de Interiores,0.01924570268306199,AB,-0.3567143204291217,2,B,B,-0.3827464576412921,-0.5703374873466781,-0.26695029011983074,-0.06370544665175498,-1.5418506085271686,-1.4787667399883502,-0.24454418603230865,-0.7756287292057109,0.0906051960535772,0.40328714847563696,-0.22940188168827652,-0.1941172093667011,0.5138658683832602,1
101,S5,Comunicacion Audiovisual,-0.15170610796792525,AB,1.3964530866462435,1,A,A,0.26293272642183546,-0.5521517395223174,0.3428957290050461,0.40951274920219577,0.1662066079050854,-0.18266424033273354,1.16991552675734,-0.2648202815508967,-0.15153371108751146,-0.6199256095825572,0.16562709732921116,-0.006859288497251703,0.41759856475036405,1
101,S5,Comunicacion Audiovisual,-0.15170610796792525,AB,1.3964530866462435,2,B,B,0.26293272642183546,0.4351247513410857,0.624045613632863,-0.05766020894058366,0.5852044064170051,0.9114670272644539,0.09736472015391151,-0.5317929536883355,0.22000021279253484,-1.0149059105969518,0.3316913097351718,-0.4832403716357883,-0.10620711218880718,1
102,S6,Diseno de Modas,0.11166173680869554,BA,0.19785485277357148,1,B,A,-0.13262966046252786,-0.6013552815662886,0.686442531892621,0.3535210962039589,-0.9845891102791622,0.3353651916888036,0.6723183131308832,0.18882720266299766,-0.5016183546074394,0.26959707454176896,-1.064526243011528,-1.0497210762776286,0.3194513107298492,0
102,S6,Diseno de Modas,0.11166173680869554,BA,0.19785485277357148,2,A,B,-0.13262966046252786,-0.41706047348374053,-0.3716691183657497,-0.20103210147604472,0.38284901210906386,-0.8691898658833918,-0.4487358827606466,-0.04376453548835832,0.07524520560192235,1.1025620617004686,0.5792065955783567,0.38419335806742727,-1.33048808071713,1
103,S1,Diseno Publicitario,-0.06344979801263192,AB,-0.036412487563218514,1,A,A,-0.5154191388153608,-0.38514936011926354,0.8798286932098277,-1.0132630931893836,-1.9247491319727672,0.12351083461542711,0.11790066468215943,0.22128354892207036,-2.0833410352673445,-0.39810974686926104,-0.30707214437069164,0.31907443914295586,0.6775530299031214,1
103,S1,Diseno Publicitario,-0.06344979801263192,AB,-0.036412487563218514,2,B,B,-0.5154191388153608,-0.5166775347000759,-0.19632449802101326,-2.089693468818883,-0.26458661320960625,-1.029640668300054,-0.41220101106838647,-0.8728760883969058,-0.533824508922512,-0.9239576003412777,-0.1697575616866971,-1.3129074030848302,-2.0489956667544114,1
104,S2,Diseno Publicitario,-0.06344979801263192,BA,0.517253892693522,1,B,A,-0.5104484013636276,-0.7839376793328798,-0.40207194603639806,-0.47476024600714334,-1.0843371759621525,-1.4880157995711736,-0.020859872702699067,0.3545047307271082,0.2225800787662,0.09314674496311282,-1.077137277690329,-1.1829423922992457,-0.045217761702049275,1
104,S2,Diseno Publicitario,-0.06344979801263192,BA,0.517253892693522,2,A,B,-0.5104484013636276,-0.7838008214106645,-1.8666846193831734,-0.4519550144987837,-1.2515050023542227,0.2385218618133588,-0.5992258268628091,-0.4588214410554682,0.6957046520958695,0.4617174698647982,-1.599684225210594,0.07769199742160315,-0.1299617992465551,1
105,S3,Diseno de Interiores,0.01924570268306199,BA,0.48737756978225144,1,B,A,-0.8000985647508475,-1.564860057497258,-0.8352601585554659,-1.0246004517095637,-0.11192317626939696,-0.28267806287689357,-0.5702548686058161,-1.2309416303110718,-0.21061470452726982,-1.6787363820352639,0.03512325816568973,0.9271830813569565,-1.2228729474264006,1
105,S3,Diseno de Interiores,0.01924570268306199,BA,0.48737756978225144,2,A,B,-0.8000985647508475,-0.4432769007020157,-1.1778094132264054,-0.45937944154281457,-0.1873008231933188,-2.251082933750649,-1.0218496711449943,-0.5322132017815395,-0.6971707011355173,-1.063507327536095,-1.8806009280169889,-1.9080316636811268,-1.1260958929531615,0
106,S4,Diseno de Interiores,0.01924570268306199,AB,1.147806370547824,1,A,A,-0.13871179239024417,1.0771325194960941,0.5788512886059671,-0.29801001073304095,0.8152735272339107,0.7797948347503967,-0.06115278644968153,0.051555445048985404,-1.3440157390062621,0.5517199607636123,-0.41158765276055687,-1.17911381405938,-1.2092426419404367,1
106,S4,Diseno de Interiores,0.01924570268306199,AB,1.147806370547824,2,B,B,-0.13871179239024417,-1.0917136995132575,0.7583947684469716,0.18518245100332617,0.23303002660129846,-0.36661873681694623,-0.13289131347913827,0.0012953827570167942,-0.03182582917355675,0.014280241159088491,-0.2554235009563476,-0.9150814414000294,-0.07035165309962584,0
107,S5,Comunicacion Audiovisual,-0.15170610796792525,AB,-0.8019542644400708,1,A,A,-0.1513595142363236,-0.7280566058994147,0.5097295486312622,-1.0369790515181894,-0.08717558380915846,-0.6828086256456345,-0.7116796899235023,-0.739620126110824,-1.5410220054099768,-0.7343661475183312,-0.01277382165928001,-0.9166876276216029,0.22406680872482299,0
107,S5,Comunicacion Audiovisual,-0.15170610796792525,AB,-0.8019542644400708,2,B,B,-0.1513595142363236,-0.5481634072732311,-0.511023561825611,-0.5049517345362692,-0.733826106150848,-0.7583434604609581,-0.7803738012618573,-0.27711117569088917,-0.7881715058469023,-0.3820754424284151,0.04209900996651919,0.684821653792355,-0.5463016274130339,1
108,S6,Diseno de Modas,0.11166173680869554,BA,-2.2880491588369907,1,B,A,1.1476046977175085,0.6438143516384214,0.7433117069392314,0.5670669453559425,1.0248723143522576,1.44893102558346,-0.10808238555950456,0.9544397516121023,0.9962562520218025,0.5036934158517358,1.0965279621485073,0.41301032971574037,1.4415242311982848,1
108,S6,Diseno de Modas,0.11166173680869554,BA,-2.2880491588369907,2,A,B,1.1476046977175085,0.7569120237780453,1.4451509789003085,-0.04188851438160324,1.0472323415156217,2.008320281158471,1.0673838166091982,1.6107288579522563,0.9497134958959641,0.09701334658323812,0.09663797885725667,2.7599167555989403,1.624808933784312,1
109,S1,Diseno Publicitario,-0.06344979801263192,AB,0.11474669868174449,1,A,A,1.0848090249319062,2.5622312898834365,-0.32498598670695644,0.3315785313011852,0.6775069845027353,1.374511922112752,2.2021491535007174,1.938491779463727,1.7062061015930876,1.285448511362192,0.8517726358278257,1.4217358372167257,0.5294300520752847,1
109,S1,Diseno Publicitario,-0.06344979801263192,AB,0.11474669868174449,2,B,B,1.0848090249319062,1.3112719006064169,0.7618550156203983,0.6196165068363463,0.8651600682120663,1.5045180878919742,3.0338892712552026,1.6186567536892909,0.8806129515595768,0.1508796905940344,0.9831581757160625,1.824516803808202,1.6804887513723403,1
110,S2,Diseno Publicitario,-0.06344979801263192,BA,-0.6116751553220791,1,B,A,1.045034525165172,0.03306211757293842,0.3860297939111148,0.34214224718481717,-0.20055624869261235,2.155940786406436,0.13881862970752634,1.519328226872438,0.1471980525250115,0.9391599643947606,1.387469245107298,1.5032931070910767,1.3608738078008265,1
110,S2,Diseno Publicitario,-0.06344979801263192,BA,-0.6116751553220791,2,A,B,1.045034525165172,-0.1810340644230517,1.4781057589060649,1.32311471687935,1.0610920181165524,1.0649221104756776,0.5953309018936663,1.7721937217592254,0.6948741423528441,0.3633178221303389,1.1759653412903217,0.30195374923319784,1.0875877122395148,1
111,S3,Diseno de Interiores,0.01924570268306199,BA,-0.02717720736553576,1,B,A,1.4702464017017052,1.20368717998013,1.0420022925211097,1.0490419520420322,1.605148341822288,0.527041152859086,1.5627959489456256,2.288550722535227,0.926523957733888,1.751666509196723,2.235792559771682,0.46447753107980616,2.006738686233008,1
111,S3,Diseno de Interiores,0.01924570268306199,BA,-0.02717720736553576,2,A,B,1.4702464017017052,2.7915579136709843,2.231428040386537,1.6992384548267758,1.7624463936204968,2.0428354073816357,2.07975497854771,1.142294978395798,2.2294373551688715,1.1932488245651736,2.027573397683576,2.159637478360755,1.6826386865500724,1
112,S4,Diseno de Interiores,0.01924570268306199,AB,1.664300022039085,1,A,A,-0.8605971647469327,-0.2953995339309241,-0.6080611768997731,-0.730780311599483,-0.10243015317568699,-0.007404195247413925,-1.3625475270908214,-1.7373374176487526,-1.9087158866468332,-1.0697086408850138,-1.800644817930705,0.02819275363999918,-1.383975649462141,0
112,S4,Diseno de Interiores,0.01924570268306199,AB,1.664300022039085,2,B,B,-0.8605971647469327,-2.2393593844173156,0.04307026308675799,-2.4232086008643248,-0.851615531048479,-0.795237495511927,-2.2272366219128057,-0.7996675127347915,-1.2157392426838782,-1.9755897095857828,-0.8502428903771678,-0.5410177068674141,-1.3265338813784076,1
113,S5,Comunicacion Audiovisual,-0.15170610796792525,AB,-1.1028418050923654,1,A,A,0.4758717173217925,-0.6549066631946694,1.8473395196981923,0.22148517414651842,0.2709485687782356,0.11177976041083837,0.4839581556493269,1.4909638365028466,1.1145693494588285,0.6101673642129348,0.7512091481444423,0.4863460815039185,0.6257985964036477,1
113,S5,Comunicacion Audiovisual,-0.15170610796792525,AB,-1.1028418050923654,2,B,B,0.4758717173217925,0.23565475345939407,1.2904234465546809,-0.43676480132352774,0.13760063593458693,1.583423752357244,1.094341726896263,-0.4626622757169328,-0.13993826575555085,0.13518736406545956,0.08022084744288482,0.5569798502582418,1.2500446589485577,1
114,S6,Diseno de Modas,0.11166173680869554,BA,0.7647973366547646,1,B,A,0.5381457869923463,1.359441579875808,1.314236216737012,0.5014993123901372,1.9319681123956511,0.34247375209308845,1.6107133120897938,-0.19100486480427115,0.799647617645048,-0.057753066231858274,1.5699824867869003,0.7090069290383847,0.6561011501712986,1
114,S6,Diseno de Modas,0.11166173680869554,BA,0.7647973366547646,2,A,B,0.5381457869923463,1.1242818364663958,1.7939708851620757,0.4728278957771692,0.03746579529010485,0.3243612112100014,1.0015758687666936,0.5302050624120639,0.5498160468018677,0.7978173109768494,0.11235104894616554,-0.4348275320951117,0.250356713561859,1
115,S1,Diseno Publicitario,-0.06344979801263192,AB,0.9458675444085191,1,A,A,0.3367355011220691,0.6807321470436611,0.2764081842886646,1.0287992454418682,1.9250184199166422,-1.3888816332172267,1.54053070825247,-0.1062371232104744,0.08616694180600926,0.9386651197189875,-0.6136350236581611,0.39107233618586695,0.3568859877583202,1
115,S1,Diseno Publicitario,-0.06344979801263192,AB,0.9458675444085191,2,B,B,0.3367355011220691,1.1638888263597877,-0.09975017717830198,0.3826999833151287,-0.13842713486235353,0.9052617473800448,0.2888537652496919,0.9879320474800619,-0.9155129555730974,1.4850144700936307,-0.955439054722566,0.34840019073546685,-0.5049126065789755,1
116,S2,Diseno Publicitario,-0.06344979801263192,BA,0.4607362389115478,1,B,A,1.503783601047727,2.237749483529659,0.7912768360202871,1.8602676178462445,1.0826687463732214,2.170880777560142,0.3662800842715811,1.50854559403045,1.5160548240434275,1.6017493223111468,1.1376077730599183,0.21998358066478985,2.3040072928123205,1
116,S2,Diseno Publicitario,-0.06344979801263192,BA,0.4607362389115478,2,A,B,1.503783601047727,1.291064916655085,1.8678623744766352,2.3119716988281875,1.894327135597688,0.8766900012183297,1.6584103403875181,2.048584595165668,1.1271794302690887,1.6296534531990063,1.1410932781217098,-0.44861316733019585,2.493497656012513,0
117,S3,Diseno de Interiores,0.01924570268306199,BA,1.1185081591709785,1,B,A,1.7945487940346423,2.1313158616344823,2.903422712145752,1.4308946962958178,2.198775902196327,2.157038101443582,2.555996202347087,1.955999920952298,1.985193288688289,1.0969788833745897,1.494232736815839,1.61597015950052,2.9631170621674285,1
117,S3,Diseno de Interiores,0.01924570268306199,BA,1.1185081591709785,2,A,B,1.7945487940346423,1.5645985570024283,1.6858209669923667,2.8080559337491486,2.152509711594755,1.9376746913910883,2.317074378714455,2.0315522393490943,0.7553322479550957,1.2836040202069077,0.19707461877596932,0.3135077258956853,2.41046534214384,1
118,S4,Diseno de Interiores,0.01924570268306199,AB,-0.45836227856340905,1,A,A,0.6925167840385739,0.041758340805629235,1.0944056722784432,0.9547486096076345,0.8891285132474072,0.7860796875763335,0.3866955373280699,-0.1899559355031849,1.054632850964399,1.4761469948522146,0.6697511604929358,-1.0113485536735527,0.20211648263208548,1
118,S4,Diseno de Interiores,0.01924570268306199,AB,-0.45836227856340905,2,B,B,0.6925167840385739,1.0490278046921357,-0.2089002814217451,-0.10507447326675234,1.5815507541034028,0.1451778421524315,0.6749100098626946,0.1860824287956906,1.1505848345818033,0.34356491470706224,1.4766108550239503,-0.5626236277949949,0.586767953182586,1
119,S5,Comunicacion Audiovisual,-0.15170610796792525,AB,-0.6815097047368442,1,A,A,0.4618441073397705,-0.6386131459860408,-0.5321763287012142,0.27590578887326384,2.1244400635690193,0.29877771457439994,0.5893556945684951,-0.9766721144297312,1.4459557266980652,1.7051823397168206,-0.021718464636051316,0.6058902924560524,0.16710119780254024,1
119,S5,Comunicacion Audiovisual,-0.15170610796792525,AB,-0.6815097047368442,2,B,B,0.4618441073397705,0.31802343611107026,0.8443424208038768,0.27442859785700247,0.4572327858469425,0.738579639081252,0.2998292188205446,-0.1324710056132335,0.1120576410862415,-0.43706734970104094,0.8630690370733787,0.4325098169428109,0.75058597608493,1
120,S6,Diseno de Modas,0.11166173680869554,BA,1.0389827985611537,1,B,A,-0.7936553019784485,-0.46397388018645047,-1.1317341757547015,0.22182126997258966,-0.22532780186401186,-1.115134248405715,-0.4678481095808294,-1.230342945396709,-1.2937186031568624,-0.9274518538794196,-1.255802829616773,-0.7329317116517329,0.1414765553250662,1
120,S6,Diseno de Modas,0.11166173680869554,BA,1.0389827985611537,2,A,B,-0.7936553019784485,0.3428761638794735,-0.8120286178039058,-0.522619968855659,-0.4034166283044651,-0.8033925779171451,-0.015046776278327234,-0.6006785835124115,-0.16155170667613705,-0.9490029253939853,-1.3980242452651912,0.4472465238585168,-2.539787234977079,1
